section;language;city;string;
subtitle;pt;Porto;Alguns dados e mapas sobre o Alojamento Local em Lisboa e no Porto;
subtitle;pt;Lisbon;Alguns dados e mapas sobre o Alojamento Local em Lisboa e no Porto;
subtitle;en;Porto;Some data and maps about short-term rentals in Lisbon and Porto;
subtitle;en;Lisbon;Some data and maps about short-term rentals in Lisbon and Porto;
intro;pt;Porto;As cidades portuguesas vivem uma crise de habitação sem precedentes, que avançou de forma galopante nos últimos anos e se tornou insustentável para jovens e famílias de forma generalizada. O <mark>Alojamento Local (AL)</mark>, que  proliferou  na última década com poucos ou nenhuns limites, é apontado como um dos motores desta crise. Esta página pretende mostrar alguns dados e mapas sobre o AL e desfazer alguns mitos, focando-se nas cidades portuguesas onde a crise da habitação mais se faz sentir: Lisboa e Porto.;
intro;pt;Lisbon;As cidades portuguesas vivem uma crise de habitação sem precedentes, que avançou de forma galopante nos últimos anos e se tornou insustentável para jovens e famílias de forma generalizada. O <mark>Alojamento Local (AL)</mark>, que  proliferou  na última década com poucos ou nenhuns limites, é apontado como um dos motores desta crise. Esta página pretende mostrar alguns dados e mapas sobre o AL e desfazer alguns mitos, focando-se nas cidades portuguesas onde a crise da habitação mais se faz sentir: Lisboa e Porto.;
intro;en;Porto;;
intro;en;Lisbon;;
map1-revised;pt;Porto;O conceito jurídico de <mark>Alojamento Local (AL)</mark> foi introduzido em <mark>2008</mark>, mas só em <mark>2014</mark> passou a ser <mark>obrigatório</mark> o seu registo, inclusive dos alojamentos que já operavam.;
map1-revised;pt;Lisbon;O conceito jurídico de <mark>Alojamento Local (AL)</mark> foi introduzido em <mark>2008</mark>, mas só em <mark>2014</mark> passou a ser <mark>obrigatório</mark> o seu registo, inclusive dos alojamentos que já operavam.;
map1-revised;en;Porto;The legal concept of <mark>”Alojamento Local” (AL)</mark> was introduced in <mark>2008</mark>, but it was not until <mark>2014</mark> that registration became <mark>mandatory</mark>, including for accommodations that were already operating.;
map1-revised;en;Lisbon;The legal concept of <mark>”Alojamento Local” (AL)</mark> was introduced in <mark>2008</mark>, but it was not until <mark>2014</mark> that registration became <mark>mandatory</mark>, including for accommodations that were already operating.;
map1-revised-title;pt;Porto;O início;
map1-revised-title;pt;Lisbon;O início;
map1-revised-title;en;Porto;The beggining;
map1-revised-title;en;Lisbon;The beggining;
map2-revised;pt;Porto;Desde então, a <span>oferta de AL</span> não tem parado de crescer.;
map2-revised;pt;Lisbon;Desde então, a <span>oferta de AL</span> não tem parado de crescer.;
map2-revised;en;Porto;Since then, the <span>number of ALs</span> has continued to grow.;
map2-revised;en;Lisbon;Since then, the <span>number of ALs</span> has continued to grow.;
map2-revised-title;pt;Porto;O crescimento descontrolado;
map2-revised-title;pt;Lisbon;O crescimento descontrolado;
map2-revised-title;en;Porto;Uncontrolled growth;
map2-revised-title;en;Lisbon;Uncontrolled growth;
map3-revised;pt;Porto;<p>Em <mark>2018</mark> foram atribuídas aos municípios <mark>competências acrescidas</mark> para a regulação do Alojamento Local. Em Lisboa, e mais tarde também no Porto, foi aprovada a suspensão temporária de registos em algumas zonas da cidade com especial pressão urbanística. </p> <p>No final de <mark>2019</mark>, entrou em vigor em Lisboa o <mark>Regulamento Municipal do Alojamento Local</mark>, criando zonas de contenção absoluta, onde o rácio de ALs por habitação fosse superior a <mark>20%</mark>. Nestas zonas, foram proibidos (apenas) novos ALs, excepto se se tratassem de operações de reabilitação de devolutos.</p> <p>O Porto teria de <mark>esperar até 2023</mark> para ter um regulamento, com o sugestivo nome de Regulamento Municipal para o <mark>Crescimento Sustentável</mark> do AL no Porto. Esse regulamento estabeleceu áreas de contenção em quase todas as freguesias do centro histórico, mas foi <mark>suspenso</mark> poucos meses depois, por aparentemente já não ser necessário.</p>;
map3-revised;pt;Lisbon;<p>Em <mark>2018</mark> foram atribuídas aos municípios <mark>competências acrescidas</mark> para a regulação do Alojamento Local. Em Lisboa, e mais tarde também no Porto, foi aprovada a suspensão temporária de registos em algumas zonas da cidade com especial pressão urbanística. </p> <p>No final de <mark>2019</mark>, entrou em vigor em Lisboa o <mark>Regulamento Municipal do Alojamento Local</mark>, criando zonas de contenção absoluta, onde o rácio de ALs por habitação fosse superior a <mark>20%</mark>. Nestas zonas, foram proibidos (apenas) novos ALs, excepto se se tratassem de operações de reabilitação de devolutos.</p> <p>O Porto teria de <mark>esperar até 2023</mark> para ter um regulamento, com o sugestivo nome de Regulamento Municipal para o <mark>Crescimento Sustentável</mark> do AL no Porto. Esse regulamento estabeleceu áreas de contenção em quase todas as freguesias do centro histórico, mas foi <mark>suspenso</mark> poucos meses depois, por aparentemente já não ser necessário.</p>;
map3-revised;en;Porto;"<p>In <mark>2018</mark>, municipalities were granted additional powers to regulate ALs. In Lisbon, and later also in Porto, the temporary suspension of registrations in some areas of the city with overwhelming “urban pressure” was approved. </p> <p>At the end of <mark>2019</mark>, the <mark>Municipal Regulation of Alojamento Local</mark> came into force in Lisbon, creating areas of absolute containment, where the ratio of ALs per dwelling was greater than <mark>20%</mark>. In these areas, (only) new ALs were prohibited, except in the case of vacant property rehabilitation operations. Porto would have to wait until 2023 to have a regulation, with the suggestive name of Municipal Regulation for the <mark>Sustainable Growth<mark> of ALs in Porto. This regulation established containment areas in almost all parishes in the historic center, but was <mark>suspended</mark> a few months later, as it was apparently no longer necessary.
";
map3-revised;en;Lisbon;"<p>In <mark>2018</mark>, municipalities were granted additional powers to regulate ALs. In Lisbon, and later also in Porto, the temporary suspension of registrations in some areas of the city with overwhelming “urban pressure” was approved. </p> <p>At the end of <mark>2019</mark>, the <mark>Municipal Regulation of Alojamento Local</mark> came into force in Lisbon, creating areas of absolute containment, where the ratio of ALs per dwelling was greater than <mark>20%</mark>. In these areas, (only) new ALs were prohibited, except in the case of vacant property rehabilitation operations. Porto would have to wait until 2023 to have a regulation, with the suggestive name of Municipal Regulation for the <mark>Sustainable Growth<mark> of ALs in Porto. This regulation established containment areas in almost all parishes in the historic center, but was <mark>suspended</mark> a few months later, as it was apparently no longer necessary.
";
map3-revised-title;pt;Porto;As primeiras tentativas de regulação;
map3-revised-title;pt;Lisbon;As primeiras tentativas de regulação;
map3-revised-title;en;Porto;The first attempts at regulation;
map3-revised-title;en;Lisbon;The first attempts at regulation;
map4-revised;pt;Porto;<p>Com o agravar da crise, o tema da habitação tornou-se cada vez mais central no debate público. Em <mark>2023</mark>, a <mark>primeira grande manifestação pelo direito à habitação, <i>Casa para Viver</i></mark> encheu as ruas de país.</p> <p>Nesse mesmo ano foi aprovado o <mark>programa Mais Habitação</mark>, que integrou várias medidas no âmbito da regulação ao Alojamento Local, tais como a caducidade dos registos, a implementação de contribuição extraordinária em determinadas áreas, a proibição de novos registos nas principais cidades do país, e a revogação de licenças por decisão dos condomínios.</p><p>Sob o pretexto de que as novas regras a nível nacional eram mais restritivas do que as que poderiam ser aplicadas a nível local, a Câmara Municipal do Porto <mark>revogou</mark> o seu ainda jovem Regulamento Municipal para o <mark>Crescimento Sustentável</mark> do AL.</p>;
map4-revised;pt;Lisbon;<p>Com o agravar da crise, o tema da habitação tornou-se cada vez mais central no debate público. Em <mark>2023</mark>, a <mark>primeira grande manifestação pelo direito à habitação, <i>Casa para Viver</i></mark> encheu as ruas de país.</p> <p>Nesse mesmo ano foi aprovado o <mark>programa Mais Habitação</mark>, que integrou várias medidas no âmbito da regulação ao Alojamento Local, tais como a caducidade dos registos, a implementação de contribuição extraordinária em determinadas áreas, a proibição de novos registos nas principais cidades do país, e a revogação de licenças por decisão dos condomínios.</p><p>Sob o pretexto de que as novas regras a nível nacional eram mais restritivas do que as que poderiam ser aplicadas a nível local, a Câmara Municipal do Porto <mark>revogou</mark> o seu ainda jovem Regulamento Municipal para o <mark>Crescimento Sustentável</mark> do AL.</p>;
map4-revised;en;Porto;<p>As the crisis worsened, the issue of housing became increasingly central to public debate. In <mark>2023</mark>, the <mark>first major demonstration for the right to housing, <i>Casa para Viver</i></mark> (Homes to Live In), filled the streets across the country. </p> <p>That same year, the national <mark>Mais Habitação</mark> program was approved, which integrated several measures regarding ALs regulation, such as the expiration of registrations, the implementation of extraordinary contributions in certain areas, the prohibition of new registrations in the country's main cities, and the possibility of revocation of licenses by decision of other inhabitants of the same building. </p><p>Under the pretext that the new national rules were more restrictive than those that could be applied at the local level, the Porto City Council <mark>revoked</mark> its still young Municipal Regulation for the <mark>Sustainable Growth</mark> of AL.;
map4-revised;en;Lisbon;<p>As the crisis worsened, the issue of housing became increasingly central to public debate. In <mark>2023</mark>, the <mark>first major demonstration for the right to housing, <i>Casa para Viver</i></mark> (Homes to Live In), filled the streets across the country. </p> <p>That same year, the national <mark>Mais Habitação</mark> program was approved, which integrated several measures regarding ALs regulation, such as the expiration of registrations, the implementation of extraordinary contributions in certain areas, the prohibition of new registrations in the country's main cities, and the possibility of revocation of licenses by decision of other inhabitants of the same building. </p><p>Under the pretext that the new national rules were more restrictive than those that could be applied at the local level, the Porto City Council <mark>revoked</mark> its still young Municipal Regulation for the <mark>Sustainable Growth</mark> of AL.;
map4-revised-title;pt;Porto;Pressão popular e novas restrições a nível nacional;
map4-revised-title;pt;Lisbon;Pressão popular e novas restrições a nível nacional;
map4-revised-title;en;Porto;Public pressure and new restrictions at the national level;
map4-revised-title;en;Lisbon;Public pressure and new restrictions at the national level;
map5-revised;pt;Porto;<p>Com mais anúncios do que medidas eficazes e concretas, o programa Mais Habitação acabou por ficar na gaveta após a queda do governo de António Costa. Com a entrada do governo de Luís Montenegro, as principais medidas foram <mark>revogadas</mark>.</p><p>Acabou a contribuição extraordinária e a caducidade automática dos registos, e o poder de revogação de licenças por parte dos condomínios foi limitado, passando a aplicar-se apenas a novos registos.</p> ;
map5-revised;pt;Lisbon;<p>Com mais anúncios do que medidas eficazes e concretas, o programa Mais Habitação acabou por ficar na gaveta após a queda do governo de António Costa. Com a entrada do governo de Luís Montenegro, as principais medidas foram <mark>revogadas</mark>.</p><p>Acabou a contribuição extraordinária e a caducidade automática dos registos, e o poder de revogação de licenças por parte dos condomínios foi limitado, passando a aplicar-se apenas a novos registos.</p> ;
map5-revised;en;Porto;;
map5-revised;en;Lisbon;;
map5-revised-title;pt;Porto;O retrocesso;
map5-revised-title;pt;Lisbon;O retrocesso;
map5-revised-title;en;Porto;;
map5-revised-title;en;Lisbon;;
map6-revised;pt;Porto;<p>A par das grandes manifestações pelo direito à habitação, o movimento <mark>Referendo pela Habitação</mark> começou a recolher assinaturas para um referendo local na capital, que pretendia proibir o Alojamento Local em prédios destinados à habitação. </p><p>A proposta de referendo, assinada por mais de 5 mil lisboetas e inicialmente aprovada pela Assembleia Municipal, <mark>acabou por não se realizar</mark> após um parecer negativo do Tribunal Constitucional, tendo a Assembleia Municipal impedido a votação de uma segunda proposta entretanto retificada.</p>;
map6-revised;pt;Lisbon;<p>A par das grandes manifestações pelo direito à habitação, o movimento <mark>Referendo pela Habitação</mark> começou a recolher assinaturas para um referendo local na capital, que pretendia proibir o Alojamento Local em prédios destinados à habitação. </p><p>A proposta de referendo, assinada por mais de 5 mil lisboetas e inicialmente aprovada pela Assembleia Municipal, <mark>acabou por não se realizar</mark> após um parecer negativo do Tribunal Constitucional, tendo a Assembleia Municipal impedido a votação de uma segunda proposta entretanto retificada.</p>;
map6-revised;en;Porto;;
map6-revised;en;Lisbon;;
map6-revised-title;pt;Porto;A tentativa de referendo;
map6-revised-title;pt;Lisbon;A tentativa de referendo;
map6-revised-title;en;Porto;;
map6-revised-title;en;Lisbon;;
map7-revised;pt;Porto;<p>No final de <mark>2024</mark> foi aprovada em Lisboa a suspensão de novos registos em toda a cidade até à entrada em vigor de um novo regulamento. Este novo regulamento prevê a suspensão total de novos registos em freguesias e bairros com um rácio de AL superior a <mark>5%</mark>.</p><p>No Porto, foi recuperado o regulamento que tinha sido suspenso e que só limita novas licenças em freguesias com um rácio de pressão de AL superior a <mark>15%</mark>. </p>;
map7-revised;pt;Lisbon;<p>No final de <mark>2024</mark> foi aprovada em Lisboa a suspensão de novos registos em toda a cidade até à entrada em vigor de um novo regulamento. Este novo regulamento prevê a suspensão total de novos registos em freguesias e bairros com um rácio de AL superior a <mark>5%</mark>.</p><p>No Porto, foi recuperado o regulamento que tinha sido suspenso e que só limita novas licenças em freguesias com um rácio de pressão de AL superior a <mark>15%</mark>. </p>;
map7-revised;en;Porto;;
map7-revised;en;Lisbon;;
map7-revised-note;pt;Porto;Nota: A fórmula de rácio que a Câmara Municipal do Porto utiliza é diferente da de Lisboa, uma vez que não pondera o número de camas em hostels e utiliza o número de contadores de água destinadas à habitação como denominador, resultando em rácios de pressão geralmente mais baixos.;
map7-revised-note;pt;Lisbon;Nota: A fórmula de rácio que a Câmara Municipal do Porto utiliza é diferente da de Lisboa, uma vez que não pondera o número de camas em hostels e utiliza o número de contadores de água destinadas à habitação como denominador, resultando em rácios de pressão geralmente mais baixos.;
map7-revised-note;en;Porto;;
map7-revised-note;en;Lisbon;;
map7-revised-title;pt;Porto;Suspensão de novos registos e alterações à regulação municipal;
map7-revised-title;pt;Lisbon;Suspensão de novos registos e alterações à regulação municipal;
map7-revised-title;en;Porto;;
map7-revised-title;en;Lisbon;;
map1;pt;Porto;A figura jurídica do alojamento local foi introduzida em 2008. Só em 2014 passou a ser obrigatório o seu registo, integrando-se na designação os alojamentos que já operavam.;
map1;pt;Lisbon;A figura jurídica do alojamento local foi introduzida em 2008. Só em 2014 passou a ser obrigatório o seu registo, integrando-se na designação os alojamentos que já operavam.;
map1;en;Porto;;
map1;en;Lisbon;;
map2;pt;Porto;Desde então, a oferta de AL não tem parado de crescer.;
map2;pt;Lisbon;Desde então, a oferta de AL não tem parado de crescer.;
map2;en;Porto;;
map2;en;Lisbon;;
map2-note;pt;Porto;O tamanho dos círculos representa o número de ALs num mesmo edifício;
map2-note;pt;Lisbon;O tamanho dos círculos representa o número de ALs num mesmo edifício;
map2-note;en;Porto;;
map2-note;en;Lisbon;;
actionIntro-title;pt;Porto;O mapa completo da monocultura do turismo;
actionIntro-title;pt;Lisbon;O mapa completo da monocultura do turismo;
actionIntro-title;en;Porto;;
actionIntro-title;en;Lisbon;;
actionIntro;pt;Porto;Se ao mapa dos ALs acrescentarmos as áreas ocupadas por hotéis e outros estabelecimentos turísticos, obtemos uma imagem mais completa do impacto do turismo na cidade.;
actionIntro;pt;Lisbon;Se ao mapa dos ALs acrescentarmos as áreas ocupadas por hotéis e outros estabelecimentos turísticos, obtemos uma imagem mais completa do impacto do turismo na cidade.;
actionIntro;en;Porto;;
actionIntro;en;Lisbon;;
actionFreguesia-title;pt;Porto;A distribuição de ALs na cidade é muito desigual;
actionFreguesia-title;pt;Lisbon;A distribuição de ALs na cidade é muito desigual;
actionFreguesia-title;en;Porto;The distribution of ALs in the city is very unequal;
actionFreguesia-title;en;Lisbon;The distribution of ALs in the city is very unequal;
actionFreguesia;pt;Porto;Embora o fenómeno se espalhe até às cidades da periferia, nem todas as zonas da cidade são afetadas da mesma forma.;
actionFreguesia;pt;Lisbon;Embora o fenómeno se espalhe até às cidades da periferia, nem todas as zonas da cidade são afetadas da mesma forma.;
actionFreguesia;en;Porto;;
actionFreguesia;en;Lisbon;;
actionFreguesia-label;pt;Porto;rácio de alojamentos locais por habitação;
actionFreguesia-label;pt;Lisbon;rácio de alojamentos locais por habitação;
actionFreguesia-label;en;Porto;;
actionFreguesia-label;en;Lisbon;;
actionFreguesia-label-left;pt;Porto;menos AL;
actionFreguesia-label-left;pt;Lisbon;menos AL;
actionFreguesia-label-left;en;Porto;less AL;
actionFreguesia-label-left;en;Lisbon;less AL;
actionFreguesia-label-right;pt;Porto;mais AL;
actionFreguesia-label-right;pt;Lisbon;mais AL;
actionFreguesia-label-right;en;Porto;more AL;
actionFreguesia-label-right;en;Lisbon;more AL;
tooltip-content;pt;Porto;<span>O rácio ponderado de ALs é calculado através da fórmula definida pela Direção Municipal de Urbanismo da Câmara Municipal de Lisboa: </span><br><span> (ALs + Capacidade de Hostels / 5) / Alojamentos Familiares Clássicos</span>;
tooltip-content;pt;Lisbon;<span>O rácio ponderado de ALs é calculado através da fórmula definida pela Direção Municipal de Urbanismo da Câmara Municipal de Lisboa: </span><br><span> (ALs + Capacidade de Hostels / 5) / Alojamentos Familiares Clássicos</span>;
tooltip-content;en;Porto;The weighted ratio of ALs is calculated using the formula defined by the Urban Planning Department of Lisbon City Council: <br> (ALs + Hostel Capacity / 5) / Classic Family Accommodation;
tooltip-content;en;Lisbon;The weighted ratio of ALs is calculated using the formula defined by the Urban Planning Department of Lisbon City Council: <br> (ALs + Hostel Capacity / 5) / Classic Family Accommodation;
actionFreguesia-zoom;pt;Porto;As freguesias do centro histórico são de longe as mais afetadas.;
actionFreguesia-zoom;pt;Lisbon;As freguesias da zona histórica são de longe as mais afetadas.;
actionFreguesia-zoom;en;Porto;The parishes of the historical center are by far the ones more affected.;
actionFreguesia-zoom;en;Lisbon;The parishes of the historical center are by far the ones with more proportion of ALs per housing unit.;
actionFreguesiaAL-title;pt;Porto;Como evoluiu o número de casas?;
actionFreguesiaAL-title;pt;Lisbon;Como evoluiu o número de casas?;
actionFreguesiaAL-title;en;Porto;How did the number of housing units change?;
actionFreguesiaAL-title;en;Lisbon;How did the number of housing units change?;
actionFreguesiaAL;pt;Porto;As freguesias com maior concentração de ALs são precisamente as que perderam mais habitação permanente na última década.;
actionFreguesiaAL;pt;Lisbon;As freguesias com maior concentração de ALs são precisamente as que perderam mais habitação permanente na última década.;
actionFreguesiaAL;en;Porto;The parishes with the highest concentration of Als are precisely the ones that lost more housing units during the last decade.;
actionFreguesiaAL;en;Lisbon;The parishes with the highest concentration of Als are precisely the ones that lost more housing units during the last decade.;
actionFreguesiaAl-label;pt;Porto;Evolução do número de alojamentos para habitação permanente (%) 2011-2021;
actionFreguesiaAl-label;pt;Lisbon;Evolução do número de alojamentos para habitação permanente (%) 2011-2021;
actionFreguesiaAl-label;en;Porto;Evolution of permanent housing units (%) 2011-2021;
actionFreguesiaAl-label;en;Lisbon;Evolution of permanent housing units (%) 2011-2021;
actionFreguesiaAl-label-left;pt;Porto;menos habitação;
actionFreguesiaAl-label-left;pt;Lisbon;menos habitação;
actionFreguesiaAl-label-left;en;Porto;less housing units;
actionFreguesiaAl-label-left;en;Lisbon;less housing units;
actionFreguesiaAl-label-right;pt;Porto;mais habitação;
actionFreguesiaAl-label-right;pt;Lisbon;mais habitação;
actionFreguesiaAl-label-right;en;Porto;more housing units;
actionFreguesiaAl-label-right;en;Lisbon;more housing units;
actionFreguesiaPop-title;pt;Porto;E o número de habitantes?;
actionFreguesiaPop-title;pt;Lisbon;E o número de habitantes?;
actionFreguesiaPop-title;en;Porto;What about the number of inhabitants?;
actionFreguesiaPop-title;en;Lisbon;What about the number of inhabitants?;
actionFreguesiaPop;pt;Porto;Não é de estranhar que essas tenham sido as mesmas freguesias que perderam mais habitantes.;
actionFreguesiaPop;pt;Lisbon;Não é de estranhar que essas tenham sido as mesmas freguesias que perderam mais habitantes.;
actionFreguesiaPop;en;Porto;;
actionFreguesiaPop;en;Lisbon;;
actionFreguesiaPop-label;pt;Porto;Evolução do número de habitantes (%) 2011-2021;
actionFreguesiaPop-label;pt;Lisbon;Evolução do número de habitantes (%) 2011-2021;
actionFreguesiaPop-label;en;Porto;Evolution of inhabitants (%) 2011-2021;
actionFreguesiaPop-label;en;Lisbon;Evolution of inhabitants (%) 2011-2021;
actionFreguesiaPop-label-left;pt;Porto;menos habitantes;
actionFreguesiaPop-label-left;pt;Lisbon;menos habitantes;
actionFreguesiaPop-label-left;en;Porto;less inhabitants;
actionFreguesiaPop-label-left;en;Lisbon;less inhabitants;
actionFreguesiaPop-label-right;pt;Porto;mais habitantes;
actionFreguesiaPop-label-right;pt;Lisbon;mais habitantes;
actionFreguesiaPop-label-right;en;Porto;more inhabitants;
actionFreguesiaPop-label-right;en;Lisbon;more inhabitants;
actionLineChart-title;pt;Porto;Como se pode explicar esta quebra?;
actionLineChart-title;pt;Lisbon;Como se pode explicar esta quebra?;
actionLineChart-title;en;Porto;How can this drop be explained?;
actionLineChart-title;en;Lisbon;How can this drop be explained?;
actionLineChart;pt;Porto;A quebra do número de alojamentos de habitação permanente na última década é significativa e contrasta com a tendência de crescimento nas três décadas anteriores. Se é certo que há vários outros fatores que contribuem para estes números, também é verdade que se os alojamentos alocados ao AL fossem antes <mark>destinados à habitação permanente</mark>, o número de alojamentos de habitação teria <mark>continuado a aumentar</mark>.;
actionLineChart;pt;Lisbon;A quebra do número de alojamentos de habitação permanente na última década é significativa e contrasta com a tendência de crescimento nas três décadas anteriores. Se é certo que há vários outros fatores que contribuem para estes números, também é verdade que se os alojamentos alocados ao AL fossem antes <mark>destinados à habitação permanente</mark>, o número de alojamentos de habitação teria <mark>continuado a aumentar</mark>.;
actionLineChart;en;Porto;The drop in the number of dwellings in the last decade is significant and contrasts with the growth trend of the previous three decades. While it is true that there are several other factors contribute to these figures, it is also true that if the housing allocated to AL had been instead <mark>allocated to permanent housing</mark>, the number of housing units would have <mark>continued to increase</mark>.;
actionLineChart;en;Lisbon;The drop in the number of dwellings in the last decade is significant and contrasts with the growth trend of the previous three decades. While it is true that there are several other factors contribute to these figures, it is also true that if the housing allocated to AL had been instead <mark>allocated to permanent housing</mark>, the number of housing units would have <mark>continued to increase</mark>.;
actionSeccao;pt;Porto;O mapa por quarteirões permite perceber melhor a concentração de ALs em alguns locais da cidade, que se tornaram verdadeiros oásis da monocultura do turismo.;
actionSeccao;pt;Lisbon;O mapa por quarteirões permite perceber melhor a concentração de ALs em alguns locais da cidade, que se tornaram verdadeiros oásis da monocultura do turismo.;
actionSeccao;en;Porto;The map by block gives a better idea of the concentration of ALs in certain areas of the city, which have become real oases in the monoculture of tourism.;
actionSeccao;en;Lisbon;The map by block gives a better idea of the concentration of ALs in certain areas of the city, which have become real oases in the monoculture of tourism.;
airbnbAds-title;pt;Porto;Quem ganha afinal com o Alojamento Local?;
airbnbAds-title;pt;Lisbon;Quem ganha afinal com o Alojamento Local?;
airbnbAds-title;en;Porto;Who actually benefits from short term rentals?;
airbnbAds-title;en;Lisbon;Who actually benefits from short term rentals?;
airbnbAds-intro;pt;Porto;"Os defensores do AL apresentam-no como uma atividade económica conduzida por ""pessoas comuns"" que procuram um “dinheiro extra"" para o seu orçamento familiar.";
airbnbAds-intro;pt;Lisbon;"Os defensores do AL apresentam-no como uma atividade económica conduzida por ""pessoas comuns"" que procuram um ""dinheiro extra"" para o seu orçamento familiar.";
airbnbAds-intro;en;Porto;"AL advocates present it as an economic activity carried out by ""ordinary people"" who seek ""extra income"" for their family budget.";
airbnbAds-intro;en;Lisbon;"AL advocates present it as an economic activity carried out by ""ordinary people"" who seek ""extra income"" for their family budget.";
airbnbAds-conclusion;pt;Porto;Embora também existam esses casos, serão assim tão representativos do panorama geral?;
airbnbAds-conclusion;pt;Lisbon;Embora também existam esses casos, serão assim tão representativos do panorama geral?;
airbnbAds-conclusion;en;Porto;;
airbnbAds-conclusion;en;Lisbon;;
actionMegaHosts-title;pt;Porto;A maior parte dos ALs está na mão de muito poucos;
actionMegaHosts-title;pt;Lisbon;A maior parte dos ALs está na mão de muito poucos;
actionMegaHosts-title;en;Porto;The majority of ALs is in the hands of a small minority;
actionMegaHosts-title;en;Lisbon;The majority of ALs is in the hands of a small minority;
actionMegaHosts-label-1;pt;Porto;Percentagem de ALs cujos titulares registaram múltiplos alojamentos;
actionMegaHosts-label-1;pt;Lisbon;Percentagem de ALs cujos titulares registaram múltiplos alojamentos;
actionMegaHosts-label-1;en;Porto;Percentage of ALs whose license holders registered multiple accomodations;
actionMegaHosts-label-1;en;Lisbon;Percentage of ALs whose license holders registered multiple accomodations;
actionMegaHosts-label-2;pt;Porto;Percentagem de ALs registados por empresas;
actionMegaHosts-label-2;pt;Lisbon;Percentagem de ALs registados por empresas;
actionMegaHosts-label-2;en;Porto;Percentage of ALs registered by companies;
actionMegaHosts-label-2;en;Lisbon;Percentage of ALs registered by companies;
actionManagers-title;pt;Porto;Alojamento Local ou hotéis descentralizados?;
actionManagers-title;pt;Lisbon;Alojamento Local ou hotéis descentralizados?;
actionManagers-title;en;Porto;Short-term rentals or decentralised hotels?;
actionManagers-title;en;Lisbon;Short-term rentals or decentralised hotels?;
actionManagers-1;pt;Porto;Os principais registos de licenças de Alojamento Local são feitos por empresas especializadas na gestão deste tipo de alojamentos. Com o objetivo explicito de ajudar os proprietários a rentabilizar os seus imóveis e a criar investimentos lucrativos, estas empresas fornecem um vasto leque de serviços como limpeza, decoração, gestão de reservas, contacto com clientes, organização de transfers, marketing e até estudos de rentabilidade. ;
actionManagers-1;pt;Lisbon;Os principais registos de licenças de Alojamento Local são feitos por empresas especializadas na gestão deste tipo de alojamentos. Com o objetivo explicito de ajudar os proprietários a rentabilizar os seus imóveis e a criar investimentos lucrativos, estas empresas fornecem um vasto leque de serviços como limpeza, decoração, gestão de reservas, contacto com clientes, organização de transfers, marketing e até estudos de rentabilidade. ;
actionManagers-1;en;Porto;The main holders of AL licenses are companies specialised in managing this type of lodging.;
actionManagers-1;en;Lisbon;The main holders of AL licenses are companies specialised in managing this type of lodging.;
actionManagers-2;pt;Porto;Longe do espírito familiar e sem intermediários alegado por alguns defensores do AL, a gestão profissional destes alojamentos estabelece um verdadeiro modelo de <mark>hotel descentralizado</mark> por toda a cidade. ;
actionManagers-2;pt;Lisbon;Longe do espírito familiar e sem intermediários alegado por alguns defensores do AL, a gestão profissional destes alojamentos estabelece um verdadeiro modelo de <mark>hotel descentralizado</mark> por toda a cidade. ;
actionManagers-2;en;Porto;With the explicit goal of helping property owners monetise their assets and maximize revenue, these companies offer a wide range of services such as cleaning, decoration, booking management, customer communication, transfer arrangements, marketing, and even profitability studies. Far from the family-run spirit and lack of intermediaries claimed by some, the professional management of these accommodations establishes a true <mark>distributed hotel</mark> model throughout the city.;
actionManagers-2;en;Lisbon;With the explicit goal of helping property owners monetise their assets and maximize revenue, these companies offer a wide range of services such as cleaning, decoration, booking management, customer communication, transfer arrangements, marketing, and even profitability studies. Far from the family-run spirit and lack of intermediaries claimed by some, the professional management of these accommodations establishes a true <mark>distributed hotel</mark> model throughout the city.;
actionRooms;pt;Porto;A esmagadora maioria são habitações que ficam vazias assim que os turistas as deixam.;
actionRooms;pt;Lisbon;A esmagadora maioria são habitações que ficam vazias assim que os turistas as deixam.;
actionRooms;en;Porto;The overwhelming majority are homes that are left empty as soon as tourists leave them.;
actionRooms;en;Lisbon;The overwhelming majority are homes that are left empty as soon as tourists leave them.;
actionRooms-title;pt;Porto;Apenas <mark>0.83%</mark> dos ALs estão registados como quartos;
actionRooms-title;pt;Lisbon;Apenas <mark>0.63%</mark> dos ALs estão registados como quartos;
actionRooms-title;en;Porto;Only <mark>0.83%</mark> of all ALs are rooms;
actionRooms-title;en;Lisbon;Only <mark>0.63%</mark> of all ALs are rooms;
source;pt;Porto;Fonte: ;
source;pt;Lisbon;Fonte: ;
source;en;Porto;Source: ;
source;en;Lisbon;Source: ;
tooltip-map2-span;pt;Porto;Os pontos no mapa referem-se a licenças ativas no Registo Nacional do Alojamento Local. Estes estabelecimentos podem ou não estar em atividade à data atual.;
tooltip-map2-span;pt;Lisbon;Os pontos no mapa referem-se a licenças ativas no Registo Nacional do Alojamento Local. Estes estabelecimentos podem ou não estar em atividade à data atual.;
tooltip-map2-span;en;Porto;;
tooltip-map2-span;en;Lisbon;;
explore-button;pt;Porto;Explora o mapa interativo;
explore-button;pt;Lisbon;Explora o mapa interativo;
explore-button;en;Porto;Explore the interactive map;
explore-button;en;Lisbon;Explore the interactive map;
explore-toggle-1;pt;Porto;Estatísticas das freguesias;
explore-toggle-1;pt;Lisbon;Estatísticas das freguesias;
explore-toggle-1;en;Porto;Parish statistics;
explore-toggle-1;en;Lisbon;Parish statistics;
explore-toggle-2;pt;Porto;Destacar grandes proprietários;
explore-toggle-2;pt;Lisbon;Destacar grandes proprietários;
explore-toggle-2;en;Porto;Highlight large owners;
explore-toggle-2;en;Lisbon;Highlight large owners;
explore-toggle-3;pt;Porto;Mostrar hotéis;
explore-toggle-3;pt;Lisbon;Mostrar hotéis;
explore-toggle-3;en;Porto;Show hotels;
explore-toggle-3;en;Lisbon;Show hotels;
methodology;pt;Porto;"<p>Os dados das licenças de Alojamento Local estão disponíveis no <a href=""https://dadosabertos.turismodeportugal.pt"">Registo Nacional de Alojamento Local (RNAL)</a>. Os dados sobre os anúncios da plataforma Airbnb foram recolhidos pelo <a href=""https://insideairbnb.com"">Inside Airbnb</a>. Os dados sobre habitação e população são dos <a href=""https://censos.ine.pt"">Censos do Instituto Nacional de Estatística</a>.</p>
<p>O gráfico sobre a evolução dos números da habitação e do Alojamento Local é inspirado <a href=""http://ladroesdebicicletas.blogspot.com/2021/09/censos-alojamento-local-e-crise-de.html"">neste artigo</a> de Nuno Serra.</p>
<p>Referências sobre regulação: artigos <a href=""https://expresso.pt/sociedade/2024-11-07-proibido-condicionado-mais-livre-como-funciona-o-alojamento-local-noutras-cidades-europeias-6a32dc9a"">do Expresso</a> e do The <a href=""https://www.thetimes.com/world/article/airbnb-short-term-rental-properties-rome-paris-malaga-florence-md7ls22s9"">The Times</a> sobre várias cidades, <a href=""https://www.ura.gov.sg/Corporate/Property/Residential/Short-Term-Accommodation"">Autoridade de Desenvolvimento Urbano</a> de Singapura, e <a href=""https://www.nyc.gov/site/specialenforcement/registration-law/tips-for-hosts.page"">Gabinete de Fiscalização Especial</a> da cidade de Nova Iorque.</p><p>Para os dados sobre concentração, e uma vez que a identificação do titular de exploração no RNAL só está disponível nos casos em que se trata de uma empresa, foi utilizado o endereço de email como <i>proxy</i> de identificação.</p>";
methodology;pt;Lisbon;"<p>Os dados das licenças de Alojamento Local estão disponíveis no <a href=""https://dadosabertos.turismodeportugal.pt"">Registo Nacional de Alojamento Local (RNAL)</a>. Os dados sobre os anúncios da plataforma Airbnb foram recolhidos pelo <a href=""https://insideairbnb.com"">Inside Airbnb</a>. Os dados sobre habitação e população são dos <a href=""https://censos.ine.pt"">Censos do Instituto Nacional de Estatística</a>.</p>
<p>O gráfico sobre a evolução dos números da habitação e do Alojamento Local é inspirado <a href=""http://ladroesdebicicletas.blogspot.com/2021/09/censos-alojamento-local-e-crise-de.html"">neste artigo</a> de Nuno Serra.</p>
<p>Referências sobre regulação: artigos <a href=""https://expresso.pt/sociedade/2024-11-07-proibido-condicionado-mais-livre-como-funciona-o-alojamento-local-noutras-cidades-europeias-6a32dc9a"">do Expresso</a> e do The <a href=""https://www.thetimes.com/world/article/airbnb-short-term-rental-properties-rome-paris-malaga-florence-md7ls22s9"">The Times</a> sobre várias cidades, <a href=""https://www.ura.gov.sg/Corporate/Property/Residential/Short-Term-Accommodation"">Autoridade de Desenvolvimento Urbano</a> de Singapura, e <a href=""https://www.nyc.gov/site/specialenforcement/registration-law/tips-for-hosts.page"">Gabinete de Fiscalização Especial</a> da cidade de Nova Iorque.</p><p>Para os dados sobre concentração, e uma vez que a identificação do titular de exploração no RNAL só está disponível nos casos em que se trata de uma empresa, foi utilizado o endereço de email como <i>proxy</i> de identificação.</p>";
methodology;en;Porto;;
methodology;en;Lisbon;;
methodology-title;pt;Porto;Referências e Metodologia;
methodology-title;pt;Lisbon;Referências e Metodologia;
methodology-title;en;Porto;References and Methodology;
methodology-title;en;Lisbon;References and Methodology;
help-bubble;pt;Porto;Clica para mudar de cidade;
help-bubble;pt;Lisbon;Clica para mudar de cidade;
help-bubble;en;Porto;Click here to change city;
help-bubble;en;Lisbon;Click here to change city;
regulation-city-1;pt;Porto;Em <b>Barcelona</b>, nenhuma das 10 mil licenças atualmente existentes na cidade será renovada, <mark>acabando</mark> na prática com todos os Alojamentos Locais até 2028.;
regulation-city-1;pt;Lisbon;Em <b>Barcelona</b>, nenhuma das 10 mil licenças atualmente existentes na cidade será renovada, <mark>acabando</mark> na prática com todos os Alojamentos Locais até 2028.;
regulation-city-1;en;Porto;;
regulation-city-1;en;Lisbon;;
regulation-city-2;pt;Porto;Em <b>Londres</b>, apartamentos podem ser alugados a turistas por um período máximo de <mark>90 noites</mark> por ano.;
regulation-city-2;pt;Lisbon;Em <b>Londres</b>, apartamentos podem ser alugados a turistas por um período máximo de <mark>90 noites</mark> por ano.;
regulation-city-2;en;Porto;;
regulation-city-2;en;Lisbon;;
regulation-city-3;pt;Porto;Em <b>Paris</b>, os proprietários podem arrendar as suas <mark>residências principais</mark> até ao máximo de <mark>120 noites</mark> por ano. O aluguer de <mark>residências secundárias</mark> está praticamente <mark>proibida</mark>, podendo ser feita apenas se o proprietário compensar esse uso com a passagem de um outro espaço de uso comercial para uso habitacional.;
regulation-city-3;pt;Lisbon;Em <b>Paris</b>, os proprietários podem arrendar as suas <mark>residências principais</mark> até ao máximo de <mark>120 noites</mark> por ano. O aluguer de <mark>residências secundárias</mark> está praticamente <mark>proibida</mark>, podendo ser feita apenas se o proprietário compensar esse uso com a passagem de um outro espaço de uso comercial para uso habitacional.;
regulation-city-3;en;Porto;;
regulation-city-3;en;Lisbon;;
regulation-city-4;pt;Porto;Em <b>Amesterdão</b>, o alojamento local está <mark>proibido</mark> em várias zonas da cidade, e nas restantes está limitado a <mark>30 noites</mark> por ano e a grupos de no máximo 4 pessoas.;
regulation-city-4;pt;Lisbon;Em <b>Amesterdão</b>, o alojamento local está <mark>proibido</mark> em várias zonas da cidade, e nas restantes está limitado a <mark>30 noites</mark> por ano e a grupos de no máximo 4 pessoas.;
regulation-city-4;en;Porto;;
regulation-city-4;en;Lisbon;;
regulation-city-5;pt;Porto;Até em <b>Nova Iorque</b>, os proprietários só podem alugar quartos em <mark>apartamentos onde residam</mark> e têm de estar <mark>presentes</mark> durante o período de estadia. Para além disso, as plataformas são <mark>obrigadas a verificar</mark> que o registo do AL está válido antes de os poderem listar.;
regulation-city-5;pt;Lisbon;Até em <b>Nova Iorque</b>, os proprietários só podem alugar quartos em <mark>apartamentos onde residam</mark> e têm de estar <mark>presentes</mark> durante o período de estadia. Para além disso, as plataformas são <mark>obrigadas a verificar</mark> que o registo do AL está válido antes de os poderem listar.;
regulation-city-5;en;Porto;;
regulation-city-5;en;Lisbon;;
regulation-city-6;pt;Porto;Em <b>Singapura</b>, o <mark>alojamento local está proibido</mark>, uma vez que todos os arrendamentos têm um prazo mínimo de 3 meses.;
regulation-city-6;pt;Lisbon;Em <b>Singapura</b>, o <mark>alojamento local está proibido</mark>, uma vez que todos os arrendamentos têm um prazo mínimo de 3 meses.;
regulation-city-6;en;Porto;;
regulation-city-6;en;Lisbon;;
conclusion;pt;Porto;"<p>O Alojamento Local foi idealizado como uma forma de acolher visitantes em pequenas escalas familiares. Mas nas grandes cidades, rapidamente mostrou a sua verdadeira face. Em vez de estimular o turismo de forma sustentável numa economia de partilha, tornou-se um negócio massificado e concentrado, muitas vezes controlado por empresas que operam como hotéis disfarçados. O resultado é claro: bairros inteiros convertidos ao turismo, enquanto os habitantes, que fazem da cidade  o que ela é, são empurrados para fora.</p>
<p>No contexto da gravíssima crise de habitação que vivemos, suspender apenas os novos registos é como fechar a torneira depois da casa estar inundada. O dano está feito, os centros das cidades já são pequenos parques de diversões. Já não basta conter, é preciso escoar, recuperando o direito à cidade de quem cá vive e devolvendo o espaço à habitação permanente. Nenhum <i>anfitrião</i> irá à ruína, há milhares de pessoas em busca de casas para habitar, que sejam abrigo depois do trabalho ou da faculdade.</p>
<p>Lisboa e Porto não podem continuar a caminhar no sentido do abismo. Felizmente, são muitos os exemplos de grandes cidades que optaram por limitar os alugueres de curta duração e devolver a cidade às pessoas. Lá, como cá, é preciso coragem e vontade política.</p>";
conclusion;pt;Lisbon;"<p>O Alojamento Local foi idealizado como uma forma de acolher visitantes em pequenas escalas familiares. Mas nas grandes cidades, rapidamente mostrou a sua verdadeira face. Em vez de estimular o turismo de forma sustentável numa economia de partilha, tornou-se um negócio massificado e concentrado, muitas vezes controlado por empresas que operam como hotéis disfarçados. O resultado é claro: bairros inteiros convertidos ao turismo, enquanto os habitantes, que fazem da cidade  o que ela é, são empurrados para fora.</p>
<p>No contexto da gravíssima crise de habitação que vivemos, suspender apenas os novos registos é como fechar a torneira depois da casa estar inundada. O dano está feito, os centros das cidades já são pequenos parques de diversões. Já não basta conter, é preciso escoar, recuperando o direito à cidade de quem cá vive e devolvendo o espaço à habitação permanente. Nenhum <i>anfitrião</i> irá à ruína, há milhares de pessoas em busca de casas para habitar, que sejam abrigo depois do trabalho ou da faculdade.</p>
<p>Lisboa e Porto não podem continuar a caminhar no sentido do abismo. Felizmente, são muitos os exemplos de grandes cidades que optaram por limitar os alugueres de curta duração e devolver a cidade às pessoas. Lá, como cá, é preciso coragem e vontade política.</p>";
conclusion;en;Porto;;
conclusion;en;Lisbon;;
megahosts-label-1;pt;Porto;Os pontos a magenta são ALs cujos titulares registaram de 2 a 10 licenças;
megahosts-label-1;pt;Lisbon;Os pontos a magenta são ALs cujos titulares registaram de 2 a 10 licenças;
megahosts-label-1;en;Porto;;
megahosts-label-1;en;Lisbon;;
megahosts-label-2;pt;Porto;Os pontos a vermelho são ALs cujos titulares registaram 10 ou mais licenças;
megahosts-label-2;pt;Lisbon;Os pontos a vermelho são ALs cujos titulares registaram 10 ou mais licenças;
megahosts-label-2;en;Porto;;
megahosts-label-2;en;Lisbon;;
period-title;pt;Porto;A maioria dos ALs recebe turistas durante a maior parte do ano;
period-title;pt;Lisbon;A maioria dos ALs recebe turistas durante a maior parte do ano;
period-title;en;Porto;;
period-title;en;Lisbon;;
period-text;pt;Porto;De todos os anúncios ativos na <i>Airbnb</i> no Porto, <mark>48%</mark> têm pelo menos uma avaliação em 9 dos últimos 12 meses.;
period-text;pt;Lisbon;De todos os anúncios ativos na <i>Airbnb</i> em Lisboa, <mark>49%</mark> têm pelo menos uma avaliação em 9 dos últimos 12 meses.;
period-text;en;Porto;;
period-text;en;Lisbon;;
airbnb-title;pt;Porto;Alguns alojamentos poderão estar a receber turistas de forma ilegal;
airbnb-title;pt;Lisbon;Alguns alojamentos poderão estar a receber turistas de forma ilegal;
airbnb-title;en;Porto;;
airbnb-title;en;Lisbon;;
airbnb-text;pt;Porto;<p>Apesar da lei estabelecer que é obrigatório indicar o número de registo na publicidade ao Alojamento Local, existem <mark>cerca de 1000</mark> anúncios na Airbnb do Porto sem especificar esse número, ou com um número que não costa da base de dados oficial.</p><p>Tal como noutras cidades, a plataforma poderia ser obrigada a validar que as propriedades que anuncia estão a operar legalmente.</p>;
airbnb-text;pt;Lisbon;<p>Apesar da lei estabelecer que é obrigatório indicar o número de registo na publicidade ao Alojamento Local, existem <mark>cerca de 1500</mark> anúncios na Airbnb em Lisboa sem especificar esse número, ou com um número que não costa da base de dados oficial.</p><p>Tal como noutras cidades, a plataforma poderia ser obrigada a validar que as propriedades que anuncia estão a operar legalmente.</p>;
airbnb-text;en;Porto;;
airbnb-text;en;Lisbon;;
actionIntro-note;pt;Porto;Os polígonos a azul representam hotéis e outros empreendimentos turísticos;
actionIntro-note;pt;Lisbon;Os polígonos a azul representam hotéis e outros empreendimentos turísticos;
actionIntro-note;en;Porto;;
actionIntro-note;en;Lisbon;;
loading-message;pt;Porto;Carregando mapa…;
loading-message;pt;Lisbon;Carregando mapa…;
loading-message;en;Porto;Loading map…;
loading-message;en;Lisbon;Loading map…;